{"cameraMode":{"drawMode":0,"name":"Shaded","section":"Shading Mode"},"sceneLighting":true,"audioPlay":false,"sceneViewState":{"showFog":true,"showMaterialUpdate":false,"showSkybox":true,"showFlares":true,"showImageEffects":true,"showParticleSystems":true},"in2DMode":false,"pivot":{"x":8.777693748474121,"y":12.470129013061524,"z":-2.215895175933838},"rotation":{"x":0.15800699591636659,"y":-0.5916217565536499,"z":0.11961966753005982,"w":0.7814785242080689},"size":48.13734436035156,"orthographic":true}