{"cameraMode":{"drawMode":0,"name":"Shaded","section":"Shading Mode"},"sceneLighting":false,"audioPlay":false,"sceneViewState":{"showFog":true,"showMaterialUpdate":false,"showSkybox":true,"showFlares":true,"showImageEffects":true,"showParticleSystems":true},"in2DMode":false,"pivot":{"x":-10.545068740844727,"y":2.7113871574401857,"z":5.827363967895508},"rotation":{"x":0.09073584526777268,"y":0.6389119029045105,"z":-0.07627014070749283,"w":0.760093092918396},"size":17.071510314941408,"orthographic":false}