{"cameraMode":{"drawMode":0,"name":"Shaded","section":"Shading Mode"},"sceneLighting":false,"audioPlay":false,"sceneViewState":{"showFog":true,"showMaterialUpdate":false,"showSkybox":true,"showFlares":true,"showImageEffects":true,"showParticleSystems":true},"in2DMode":false,"pivot":{"x":0.269905686378479,"y":0.5748876333236694,"z":-0.46406975388526919},"rotation":{"x":0.26685449481010439,"y":0.5231441259384155,"z":-0.17674586176872254,"w":0.7898542284965515},"size":4.382205009460449,"orthographic":false}