{"cameraMode":{"drawMode":0,"name":"Shaded","section":"Shading Mode"},"sceneLighting":false,"audioPlay":false,"sceneViewState":{"showFog":true,"showMaterialUpdate":false,"showSkybox":true,"showFlares":true,"showImageEffects":true,"showParticleSystems":true},"in2DMode":false,"pivot":{"x":-10.860614776611329,"y":1.9022901058197022,"z":-1.393430471420288},"rotation":{"x":-0.15106524527072907,"y":0.04654015973210335,"z":-0.0071198539808392529,"w":-0.9874019622802734},"size":2.3744630813598635,"orthographic":false}