{"cameraMode":{"drawMode":0,"name":"Shaded","section":"Shading Mode"},"sceneLighting":false,"audioPlay":false,"sceneViewState":{"showFog":true,"showMaterialUpdate":false,"showSkybox":true,"showFlares":true,"showImageEffects":true,"showParticleSystems":true},"in2DMode":false,"pivot":{"x":5.964107513427734,"y":2.336653709411621,"z":-12.705635070800782},"rotation":{"x":0.09073584526777268,"y":0.6389119029045105,"z":-0.07627014070749283,"w":0.760093092918396},"size":49.413780212402347,"orthographic":false}