{"cameraMode":{"drawMode":0,"name":"Shaded","section":"Shading Mode"},"sceneLighting":false,"audioPlay":false,"sceneViewState":{"showFog":true,"showMaterialUpdate":false,"showSkybox":true,"showFlares":true,"showImageEffects":true,"showParticleSystems":true},"in2DMode":false,"pivot":{"x":-0.47034087777137759,"y":1.0140717029571534,"z":0.4679127633571625},"rotation":{"x":0.2422041893005371,"y":0.03636771813035011,"z":-0.009085721336305142,"w":0.9695008993148804},"size":4.492191791534424,"orthographic":false}