{"cameraMode":{"drawMode":0,"name":"Shaded","section":"Shading Mode"},"sceneLighting":false,"audioPlay":false,"sceneViewState":{"showFog":true,"showMaterialUpdate":false,"showSkybox":true,"showFlares":true,"showImageEffects":true,"showParticleSystems":true},"in2DMode":false,"pivot":{"x":10.000701904296875,"y":1.5,"z":18.528663635253908},"rotation":{"x":0.10203087329864502,"y":0.3929443061351776,"z":-0.04392143338918686,"w":0.912828266620636},"size":7.098605632781982,"orthographic":false}